<?xml version="1.0" encoding="UTF-8" ?>
<!DOCTYPE mapper PUBLIC "-//mybatis.org//DTD Mapper 3.0//EN" "http://mybatis.org/dtd/mybatis-3-mapper.dtd" >
<mapper namespace="com.wx.restaurant.mybatis.mapper.BalanceMapper" >
  <resultMap id="BaseResultMap" type="com.wx.restaurant.mybatis.model.Balance" >
    <!--
      WARNING - @mbg.generated
    -->
    <id column="id" property="id" jdbcType="INTEGER" />
    <result column="is_delete" property="isDelete" jdbcType="INTEGER" />
    <result column="balance_status" property="balanceStatus" jdbcType="INTEGER" />
    <result column="total_price" property="totalPrice" jdbcType="DOUBLE" />
    <result column="open_id" property="openId" jdbcType="VARCHAR" />
    <result column="create_time" property="createTime" jdbcType="VARCHAR" />
    <result column="update_time" property="updateTime" jdbcType="VARCHAR" />
  </resultMap>
  <sql id="Base_Column_List" >
    <!--
      WARNING - @mbg.generated
    -->
    id, is_delete, balance_status, total_price, open_id, create_time, update_time
  </sql>
</mapper>