<?xml version="1.0" encoding="UTF-8" ?>
<!DOCTYPE mapper PUBLIC "-//mybatis.org//DTD Mapper 3.0//EN" "http://mybatis.org/dtd/mybatis-3-mapper.dtd" >
<mapper namespace="com.wx.restaurant.mybatis.mapper.CouponDTOMapper">
    <resultMap id="BaseResultMap" type="com.wx.restaurant.mybatis.model.CouponDTO">
        <id column="id" property="id" jdbcType="INTEGER" />
        <result column="open_id" property="openId" jdbcType="VARCHAR" />
        <result column="user_name" property="userName" jdbcType="VARCHAR" />
        <result column="yhqid" property="yhqid" jdbcType="INTEGER" />
        <result column="end_time" property="endTime" jdbcType="VARCHAR" />
        <result column="create_time" property="createTime" jdbcType="VARCHAR" />
        <result column="update_time" property="updateTime" jdbcType="VARCHAR" />
        <result column="is_delete" property="isDelete" jdbcType="INTEGER" />
        <association  property="coupon" javaType="com.wx.restaurant.mybatis.model.Coupon" >
            <id column="yhqid" property="yhqid" jdbcType="INTEGER" />
            <result column="imgurl" property="imgurl" jdbcType="VARCHAR" />
            <result column="je" property="je" jdbcType="INTEGER" />
            <result column="mzje" property="mzje" jdbcType="INTEGER" />
            <result column="mztj" property="mztj" jdbcType="VARCHAR" />
        </association >
    </resultMap>
    <select id="myCouponList" resultMap="BaseResultMap">
       SELECT  `my_coupon`.*,coupon.* from `my_coupon` LEFT JOIN coupon
       on `my_coupon`.yhqid = coupon.yhqid
       WHERE `my_coupon`.open_id =#{openId}
    </select>
    
    
</mapper>
    