<?xml version="1.0" encoding="UTF-8" ?>
<!DOCTYPE mapper PUBLIC "-//mybatis.org//DTD Mapper 3.0//EN" "http://mybatis.org/dtd/mybatis-3-mapper.dtd" >
<mapper namespace="com.wx.restaurant.mybatis.mapper.ReserveMapper" >
  <resultMap id="BaseResultMap" type="com.wx.restaurant.mybatis.model.Reserve" >
    <!--
      WARNING - @mbg.generated
    -->
    <id column="id" property="id" jdbcType="INTEGER" />
    <result column="open_id" property="openId" jdbcType="VARCHAR" />
    <result column="user_id" property="userId" jdbcType="INTEGER" />
    <result column="table_id" property="tableId" jdbcType="INTEGER" />
    <result column="reserve_no" property="reserveNo" jdbcType="VARCHAR" />
    <result column="reserve_status" property="reserveStatus" jdbcType="INTEGER" />
    <result column="reserve_date" property="reserveDate" jdbcType="VARCHAR" />
    <result column="create_time" property="createTime" jdbcType="VARCHAR" />
    <result column="update_time" property="updateTime" jdbcType="VARCHAR" />
    <result column="is_delete" property="isDelete" jdbcType="INTEGER" />
  </resultMap>
  <sql id="Base_Column_List" >
    <!--
      WARNING - @mbg.generated
    -->
    id, open_id, user_id, table_id, reserve_no, reserve_status, reserve_date, create_time, 
    update_time, is_delete
  </sql>
</mapper>