<?xml version="1.0" encoding="UTF-8"?>
<!DOCTYPE generatorConfiguration
        PUBLIC "-//mybatis.org//DTD MyBatis Generator Configuration 1.0//EN"
        "http://mybatis.org/dtd/mybatis-generator-config_1_0.dtd">

<generatorConfiguration>
    <properties resource="application.properties"/>
    <!-- <classPathEntry location="C:\oraclexe\app\oracle\product\11.2.0\server\jdbc\lib\ojdbc6.jar" />-->
    <classPathEntry location="E:\ksoftware\mysql-connector-java-5.1.40-bin.jar" />
    <!--不生成example-->
   <!-- <context id="Mysql" targetRuntime="MyBatis3Simple" defaultModelType="flat">-->
    <!--生成example-->
    <context id="Mysql" targetRuntime="MyBatis3" defaultModelType="flat">
        <property name="beginningDelimiter" value="`"/>
        <property name="endingDelimiter" value="`"/>
        <!-- 通用mapper插件 -->
        <plugin type="tk.mybatis.mapper.generator.MapperPlugin">
            <property name="mappers" value="com.wx.restaurant.util.MyMapper"/>
        </plugin>
        <!-- 注释 -->
        <commentGenerator>
            <property name="enableSubPackages" value="true" />
            <property name="trimStrings" value="true" />
            <property name="suppressTypeWarnings" value="true"/><!-- 抑制警告 -->
            <property name="suppressAllComments" value="true"/><!-- 是否取消注释 -->
            <property name="suppressDate" value="true"/><!-- 是否生成注释代时间戳-->
        </commentGenerator>
        <!-- 代码生成统一放到target路径下，以免直接覆盖原有的代码造成不可挽回的损失。 -->
        <!-- <jdbcConnection driverClass="oracle.jdbc.driver.OracleDriver"
                         connectionURL="jdbc:oracle:thin:@localhost:1521:XE"
                         userId="system" password="123456"/>-->
        <jdbcConnection driverClass="com.mysql.jdbc.Driver"
                        connectionURL="jdbc:mysql://106.14.202.226/resdb"
                        userId="resuser" password="clt123456"/>

        <javaModelGenerator targetPackage="com.wx.restaurant.mybatis.model"
                            targetProject="src/main/java">
            <property name="enableSubPackages" value="true"/>
            <!-- 是否针对string类型的字段在set的时候进行trim调用 -->
            <property name="trimStrings" value="true"/>
        </javaModelGenerator>

        <sqlMapGenerator targetPackage="mapper" targetProject="src/main/resources" >
            <property name="enableSubPackages" value="true"/>
        </sqlMapGenerator>

        <javaClientGenerator targetPackage="com.wx.restaurant.mybatis.mapper" targetProject="src/main/java"
                             type="XMLMAPPER">
            <property name="enableSubPackages" value="true"/>
        </javaClientGenerator>

        <!--mysql 配置-->
        <!--<generatedKey column="id" sqlStatement="Mysql" identity="true"/>-->
        <!--oracle 配置-->
        <!-- <generatedKey column="id" sqlStatement="select SEQ_{1}.nextval from dual" identity="false" type="pre"/>-->
        <table tableName="my_coupon" domainObjectName="MyCoupon"
               enableSelectByExample="false"
               enableDeleteByExample="false"
               enableCountByExample="false"
               enableUpdateByExample="false">
            <generatedKey column="id" sqlStatement="Mysql" identity="true"/>
        </table>

    </context>
</generatorConfiguration>
